"faculty_code","faculty_name","source_faculty_code","programme_code","programme_name","degree_name","academic_level","qualification_type","programme_credits","duration_years","year_levels","source_file","last_verified","notes"
"EBIT","Faculty of Engineering, Built Environment and Information Technology","EBIT","12132018","Architecture","BSc","UGRD","Bachelor","380","3","01;02;FIN","University_of_Pretoria_Curriculumn_Data.csv","2026-06-13",""
"EBIT","Faculty of Engineering, Built Environment and Information Technology","EBIT","12132031","Bachelor of Science in Archite","BSc in Architecture","UGRD","Bachelor","380","3","01;02;FIN","University_of_Pretoria_Curriculumn_Data.csv","2026-06-13",""
"EBIT","Faculty of Engineering, Built Environment and Information Technology","EBIT","12136012","BEng in Chem Eng 5-year","BEng in Chemical Engineering","UGRD","Bachelor","679","5","01;02;03;04;FIN","University_of_Pretoria_Curriculumn_Data.csv","2026-06-13",""
"EBIT","Faculty of Engineering, Built Environment and Information Technology","EBIT","12136017","BEng in Civil Eng 5-year","BEng in Civil Engineering","UGRD","Bachelor","670","5","01;02;03;04;FIN","University_of_Pretoria_Curriculumn_Data.csv","2026-06-13",""
"EBIT","Faculty of Engineering, Built Environment and Information Technology","EBIT","12136019","BEng in Computer Eng 5-year","BEng in Computer Engineering","UGRD","Bachelor","670","5","01;02;03;04;FIN","University_of_Pretoria_Curriculumn_Data.csv","2026-06-13",""
"EBIT","Faculty of Engineering, Built Environment and Information Technology","EBIT","12136013","BEng in Electrical Eng 5-year","BEng in Electrical Engineering","UGRD","Bachelor","655","5","01;02;03;04;FIN","University_of_Pretoria_Curriculumn_Data.csv","2026-06-13",""
"EBIT","Faculty of Engineering, Built Environment and Information Technology","EBIT","12136018","BEng in Electronic Eng 5-year","BEng in Electronic Engineering","UGRD","Bachelor","653","5","01;02;03;04;FIN","University_of_Pretoria_Curriculumn_Data.csv","2026-06-13",""
"EBIT","Faculty of Engineering, Built Environment and Information Technology","EBIT","12136020","BEng in Industrial Eng 5-year","BEng in Industrial Engineering","UGRD","Bachelor","675","5","01;02;03;04;FIN","University_of_Pretoria_Curriculumn_Data.csv","2026-06-13",""
"EBIT","Faculty of Engineering, Built Environment and Information Technology","EBIT","12136014","BEng in Mechanical Eng 5-year","BEng in Mechanical Engineering","UGRD","Bachelor","659","5","01;02;03;04;FIN","University_of_Pretoria_Curriculumn_Data.csv","2026-06-13",""
"EBIT","Faculty of Engineering, Built Environment and Information Technology","EBIT","12136015","BEng in Metall Eng 5-year","BEng in Metallurgical Engineer","UGRD","Bachelor","667","5","01;02;03;04;FIN","University_of_Pretoria_Curriculumn_Data.csv","2026-06-13",""
"EBIT","Faculty of Engineering, Built Environment and Information Technology","EBIT","12136016","BEng Mining Eng 5-year","BEng in Mining Engineering","UGRD","Bachelor","675","5","01;02;03;04;FIN","University_of_Pretoria_Curriculumn_Data.csv","2026-06-13",""
"EBIT","Faculty of Engineering, Built Environment and Information Technology","EBIT","12133215","BIT in Information Systems","BIT in Information Systems","UGRD","Bachelor","371","3","01;02;FIN","University_of_Pretoria_Curriculumn_Data.csv","2026-06-13",""
"EBIT","Faculty of Engineering, Built Environment and Information Technology","EBIT","12134002","BSc in Computer Science","BSc in Computer Science","UGRD","Bachelor","444","3","01;02;FIN","University_of_Pretoria_Curriculumn_Data.csv","2026-06-13",""
"EBIT","Faculty of Engineering, Built Environment and Information Technology","EBIT","12132034","BSc in Construction Management","BSc in Construction Management","UGRD","Bachelor","393","3","01;02;FIN","University_of_Pretoria_Curriculumn_Data.csv","2026-06-13",""
"EBIT","Faculty of Engineering, Built Environment and Information Technology","EBIT","12133214","BSc in Information Tech in IKS","BSc in Information Tech in IKS","UGRD","Bachelor","415","3","01;02;FIN","University_of_Pretoria_Curriculumn_Data.csv","2026-06-13",""
"EBIT","Faculty of Engineering, Built Environment and Information Technology","EBIT","12132032","BSc in Quantity Surveying","BSc in Quantity Surveying","UGRD","Bachelor","371","3","01;02;FIN","University_of_Pretoria_Curriculumn_Data.csv","2026-06-13",""
"EBIT","Faculty of Engineering, Built Environment and Information Technology","EBIT","12132033","BSc in Real Estate","BSc in Real Estate","UGRD","Bachelor","367","3","01;02;FIN","University_of_Pretoria_Curriculumn_Data.csv","2026-06-13",""
"EBIT","Faculty of Engineering, Built Environment and Information Technology","EBIT","12130002","Chemical Engineering","BEng","UGRD","Bachelor","599","4","01;02;03;FIN","University_of_Pretoria_Curriculumn_Data.csv","2026-06-13",""
"EBIT","Faculty of Engineering, Built Environment and Information Technology","EBIT","12130012","Chemical Engineering","BEng in Chemical Engineering","UGRD","Bachelor","599","4","01;02;03;FIN","University_of_Pretoria_Curriculumn_Data.csv","2026-06-13",""
"EBIT","Faculty of Engineering, Built Environment and Information Technology","EBIT","12136002","Chemical Engineering ENGAGE","BEng","UGRD","Bachelor","679","5","01;02;03;04;FIN","University_of_Pretoria_Curriculumn_Data.csv","2026-06-13",""
"EBIT","Faculty of Engineering, Built Environment and Information Technology","EBIT","12130007","Civil Engineering","BEng","UGRD","Bachelor","608","4","01;02;03;FIN","University_of_Pretoria_Curriculumn_Data.csv","2026-06-13",""
"EBIT","Faculty of Engineering, Built Environment and Information Technology","EBIT","12130017","Civil Engineering","BEng in Civil Engineering","UGRD","Bachelor","590","4","01;02;03;FIN","University_of_Pretoria_Curriculumn_Data.csv","2026-06-13",""
"EBIT","Faculty of Engineering, Built Environment and Information Technology","EBIT","12136007","Civil Engineering ENGAGE","BEng","UGRD","Bachelor","688","5","01;02;03;04;FIN","University_of_Pretoria_Curriculumn_Data.csv","2026-06-13",""
"EBIT","Faculty of Engineering, Built Environment and Information Technology","EBIT","12130009","Computer Engineering","BEng","UGRD","Bachelor","590","4","01;02;03;FIN","University_of_Pretoria_Curriculumn_Data.csv","2026-06-13",""
"EBIT","Faculty of Engineering, Built Environment and Information Technology","EBIT","12130019","Computer Engineering","BEng in Computer Engineering","UGRD","Bachelor","590","4","01;02;03;FIN","University_of_Pretoria_Curriculumn_Data.csv","2026-06-13",""
"EBIT","Faculty of Engineering, Built Environment and Information Technology","EBIT","12136009","Computer Engineering ENGAGE","BEng","UGRD","Bachelor","670","5","01;02;03;04;FIN","University_of_Pretoria_Curriculumn_Data.csv","2026-06-13",""
"EBIT","Faculty of Engineering, Built Environment and Information Technology","EBIT","12134001","Computer Science","BSc","UGRD","Bachelor","444","3","01;02;FIN","University_of_Pretoria_Curriculumn_Data.csv","2026-06-13",""
"EBIT","Faculty of Engineering, Built Environment and Information Technology","EBIT","12132025","Construction Management","BSc","UGRD","Bachelor","393","3","01;02;FIN","University_of_Pretoria_Curriculumn_Data.csv","2026-06-13",""
"EBIT","Faculty of Engineering, Built Environment and Information Technology","EBIT","12130003","Electrical Engineering","BEng","UGRD","Bachelor","575","4","01;02;03;FIN","University_of_Pretoria_Curriculumn_Data.csv","2026-06-13",""
"EBIT","Faculty of Engineering, Built Environment and Information Technology","EBIT","12130013","Electrical Engineering","BEng in Electrical Engineering","UGRD","Bachelor","575","4","01;02;03;FIN","University_of_Pretoria_Curriculumn_Data.csv","2026-06-13",""
"EBIT","Faculty of Engineering, Built Environment and Information Technology","EBIT","12136003","Electrical Engineering ENGAGE","BEng","UGRD","Bachelor","655","5","01;02;03;04;FIN","University_of_Pretoria_Curriculumn_Data.csv","2026-06-13",""
"EBIT","Faculty of Engineering, Built Environment and Information Technology","EBIT","12130008","Electronic Engineering","BEng","UGRD","Bachelor","573","4","01;02;03;FIN","University_of_Pretoria_Curriculumn_Data.csv","2026-06-13",""
"EBIT","Faculty of Engineering, Built Environment and Information Technology","EBIT","12130018","Electronic Engineering","BEng in Electronic Engineering","UGRD","Bachelor","573","4","01;02;03;FIN","University_of_Pretoria_Curriculumn_Data.csv","2026-06-13",""
"EBIT","Faculty of Engineering, Built Environment and Information Technology","EBIT","12136008","Electronic Engineering ENGAGE","BEng","UGRD","Bachelor","653","5","01;02;03;04;FIN","University_of_Pretoria_Curriculumn_Data.csv","2026-06-13",""
"EBIT","Faculty of Engineering, Built Environment and Information Technology","EBIT","12130001","Industrial Engineering","BEng","UGRD","Bachelor","595","4","01;02;03;FIN","University_of_Pretoria_Curriculumn_Data.csv","2026-06-13",""
"EBIT","Faculty of Engineering, Built Environment and Information Technology","EBIT","12130020","Industrial Engineering","BEng in Industrial Engineering","UGRD","Bachelor","595","4","01;02;03;FIN","University_of_Pretoria_Curriculumn_Data.csv","2026-06-13",""
"EBIT","Faculty of Engineering, Built Environment and Information Technology","EBIT","12136001","Industrial Engineering ENGAGE","BEng","UGRD","Bachelor","675","5","01;02;03;04;FIN","University_of_Pretoria_Curriculumn_Data.csv","2026-06-13",""
"EBIT","Faculty of Engineering, Built Environment and Information Technology","EBIT","12133213","Information and Knowledge Syst","BSc","UGRD","Bachelor","415","3","01;02;FIN","University_of_Pretoria_Curriculumn_Data.csv","2026-06-13",""
"EBIT","Faculty of Engineering, Built Environment and Information Technology","EBIT","12131012","Information Science","BIS","UGRD","Bachelor","385","3","01;02;FIN","University_of_Pretoria_Curriculumn_Data.csv","2026-06-13",""
"EBIT","Faculty of Engineering, Built Environment and Information Technology","EBIT","12133300","Information Systems","BIT","UGRD","Bachelor","371","3","01;02;FIN","University_of_Pretoria_Curriculumn_Data.csv","2026-06-13",""
"EBIT","Faculty of Engineering, Built Environment and Information Technology","EBIT","12131020","Information Technology","BIT","UGRD","Bachelor","558","4","01;02;03;FIN","University_of_Pretoria_Curriculumn_Data.csv","2026-06-13",""
"EBIT","Faculty of Engineering, Built Environment and Information Technology","EBIT","2130082","Information Technology","BIT","UGRD","Bachelor","683","4","01;02;03;FIN","University_of_Pretoria_Curriculumn_Data.csv","2026-06-13",""
"EBIT","Faculty of Engineering, Built Environment and Information Technology","EBIT","12132020","Interior Architecture","BSc","UGRD","Bachelor","382","3","01;02;FIN","University_of_Pretoria_Curriculumn_Data.csv","2026-06-13",""
"EBIT","Faculty of Engineering, Built Environment and Information Technology","EBIT","12132019","Landscape Architecture","BSc","UGRD","Bachelor","392","3","01;02;FIN","University_of_Pretoria_Curriculumn_Data.csv","2026-06-13",""
"EBIT","Faculty of Engineering, Built Environment and Information Technology","EBIT","12130004","Mechanical Engineering","BEng","UGRD","Bachelor","579","4","01;02;03;FIN","University_of_Pretoria_Curriculumn_Data.csv","2026-06-13",""
"EBIT","Faculty of Engineering, Built Environment and Information Technology","EBIT","12130014","Mechanical Engineering","BEng in Mechanical Engineering","UGRD","Bachelor","579","4","01;02;03;FIN","University_of_Pretoria_Curriculumn_Data.csv","2026-06-13",""
"EBIT","Faculty of Engineering, Built Environment and Information Technology","EBIT","12136004","Mechanical Engineering ENGAGE","BEng","UGRD","Bachelor","659","5","01;02;03;04;FIN","University_of_Pretoria_Curriculumn_Data.csv","2026-06-13",""
"EBIT","Faculty of Engineering, Built Environment and Information Technology","EBIT","12136005","Metallurgical Eng ENGAGE","BEng","UGRD","Bachelor","667","5","01;02;03;04;FIN","University_of_Pretoria_Curriculumn_Data.csv","2026-06-13",""
"EBIT","Faculty of Engineering, Built Environment and Information Technology","EBIT","12130005","Metallurgical Engineering","BEng","UGRD","Bachelor","587","4","01;02;03;FIN","University_of_Pretoria_Curriculumn_Data.csv","2026-06-13",""
"EBIT","Faculty of Engineering, Built Environment and Information Technology","EBIT","12130015","Metallurgical Engineering","BEng in Metallurgical Engineer","UGRD","Bachelor","587","4","01;02;03;FIN","University_of_Pretoria_Curriculumn_Data.csv","2026-06-13",""
"EBIT","Faculty of Engineering, Built Environment and Information Technology","EBIT","12130006","Mining Engineering","BEng","UGRD","Bachelor","595","4","01;02;03;FIN","University_of_Pretoria_Curriculumn_Data.csv","2026-06-13",""
"EBIT","Faculty of Engineering, Built Environment and Information Technology","EBIT","12130016","Mining Engineering","BEng in Mining Engineering","UGRD","Bachelor","595","4","01;02;03;FIN","University_of_Pretoria_Curriculumn_Data.csv","2026-06-13",""
"EBIT","Faculty of Engineering, Built Environment and Information Technology","EBIT","12136006","Mining Engineering ENGAGE","BEng","UGRD","Bachelor","675","5","01;02;03;04;FIN","University_of_Pretoria_Curriculumn_Data.csv","2026-06-13",""
"EBIT","Faculty of Engineering, Built Environment and Information Technology","EBIT","12131013","Multimedia","BIS","UGRD","Bachelor","401","3","01;02;FIN","University_of_Pretoria_Curriculumn_Data.csv","2026-06-13",""
"EBIT","Faculty of Engineering, Built Environment and Information Technology","EBIT","12131014","Publishing","BIS","UGRD","Bachelor","382","3","01;02;FIN","University_of_Pretoria_Curriculumn_Data.csv","2026-06-13",""
"EBIT","Faculty of Engineering, Built Environment and Information Technology","EBIT","12132023","Quantity Surveying","BSc","UGRD","Bachelor","371","3","01;02;FIN","University_of_Pretoria_Curriculumn_Data.csv","2026-06-13",""
"EBIT","Faculty of Engineering, Built Environment and Information Technology","EBIT","12132024","Real Estate","BSc","UGRD","Bachelor","367","3","01;02;FIN","University_of_Pretoria_Curriculumn_Data.csv","2026-06-13",""
"EBIT","Faculty of Engineering, Built Environment and Information Technology","EBIT","12132022","Town and Regional Planning","BTown and Regional Planning","UGRD","Bachelor","497","4","01;02;03;FIN","University_of_Pretoria_Curriculumn_Data.csv","2026-06-13",""
"EBIT","Faculty of Engineering, Built Environment and Information Technology","EBIT","12132026","Town and Regional Planning","BTRP","UGRD","Bachelor","536","4","01;02;03;FIN","University_of_Pretoria_Curriculumn_Data.csv","2026-06-13",""
"EDU","Faculty of Education","EDU","9133013","BEd in Foundation Phase Teachi","BEd in FP Teaching","UGRD","Bachelor","529","4","01;02;03;FIN","University_of_Pretoria_Curriculumn_Data.csv","2026-06-13",""
"EDU","Faculty of Education","EDU","9133014","BEd in Intermediate Phase Teac","BEd in IP Teaching","UGRD","Bachelor","680","4","01;02;03;FIN","University_of_Pretoria_Curriculumn_Data.csv","2026-06-13",""
"EDU","Faculty of Education","EDU","9133015","BEd in SP and FET Teaching","BEd in SP and FET Teaching","UGRD","Bachelor","680","4","01;02;03;FIN","University_of_Pretoria_Curriculumn_Data.csv","2026-06-13",""
"EDU","Faculty of Education","EDU","9133010","Early Child Dev and Foun Phase","BEd","UGRD","Bachelor","680","4","01;02;03;FIN","University_of_Pretoria_Curriculumn_Data.csv","2026-06-13",""
"EDU","Faculty of Education","EDU","9133012","Early Childhood Care and Educa","BEd in ECCE","UGRD","Bachelor","490","4","01;02;03;FIN","University_of_Pretoria_Curriculumn_Data.csv","2026-06-13",""
"EDU","Faculty of Education","EDU","9127041","FET Teaching","PGCE","UGRD","Undergraduate","148","1","FIN","University_of_Pretoria_Curriculumn_Data.csv","2026-06-13",""
"EDU","Faculty of Education","EDU","9133040","FET: General","BEd","UGRD","Bachelor","680","4","01;02;03;FIN","University_of_Pretoria_Curriculumn_Data.csv","2026-06-13",""
"EDU","Faculty of Education","EDU","9133011","Foundation Phase","BEd","UGRD","Bachelor","529","4","01;02;03;FIN","University_of_Pretoria_Curriculumn_Data.csv","2026-06-13",""
"EDU","Faculty of Education","EDU","9110004","HCert in Sports Science","HCert in Sports Science","UGRD","Undergraduate","122","1","FIN","University_of_Pretoria_Curriculumn_Data.csv","2026-06-13",""
"EDU","Faculty of Education","EDU","9133070","HMS and Sport Management","BEd","UGRD","Bachelor","680","4","01;02;03;FIN","University_of_Pretoria_Curriculumn_Data.csv","2026-06-13",""
"EDU","Faculty of Education","EDU","9133020","Intermediate Phase","BEd","UGRD","Bachelor","680","4","01;02;03;FIN","University_of_Pretoria_Curriculumn_Data.csv","2026-06-13",""
"EDU","Faculty of Education","EDU","9133021","Intermediate Phase","BEd","UGRD","Bachelor","680","4","01;02;03;FIN","University_of_Pretoria_Curriculumn_Data.csv","2026-06-13",""
"EDU","Faculty of Education","EDU","9127042","PGCE in FET","PGCE in Further Education and","UGRD","Undergraduate","148","1","FIN","University_of_Pretoria_Curriculumn_Data.csv","2026-06-13",""
"EDU","Faculty of Education","EDU","9127032","PGCE in Senior Phase and FET","PGCE in Senior Phase and Furth","UGRD","Undergraduate","148","1","FIN","University_of_Pretoria_Curriculumn_Data.csv","2026-06-13",""
"EDU","Faculty of Education","EDU","9133030","Senior Phase","BEd","UGRD","Bachelor","680","4","01;02;03;FIN","University_of_Pretoria_Curriculumn_Data.csv","2026-06-13",""
"EDU","Faculty of Education","EDU","9127031","Senior Phase and FET Teaching","PGCE","UGRD","Undergraduate","148","1","FIN","University_of_Pretoria_Curriculumn_Data.csv","2026-06-13",""
"EDU","Faculty of Education","EDU","9133031","Senior Phase and FET Teaching","BEd","UGRD","Bachelor","680","4","01;02;03;FIN","University_of_Pretoria_Curriculumn_Data.csv","2026-06-13",""
"EDU","Faculty of Education","EDU","9110001","Sports Sciences","Higher Certificate","UGRD","Undergraduate","122","1","FIN","University_of_Pretoria_Curriculumn_Data.csv","2026-06-13",""
"EMS","Faculty of Economic and Management Sciences","EMS","7130042","Accounting Sciences","BCom","UGRD","Bachelor","445","3","01;02;FIN","University_of_Pretoria_Curriculumn_Data.csv","2026-06-13",""
"EMS","Faculty of Economic and Management Sciences","EMS","7130043","Accounting Sciences","BCom","UGRD","Bachelor","458","3","01;02;FIN","University_of_Pretoria_Curriculumn_Data.csv","2026-06-13",""
"EMS","Faculty of Economic and Management Sciences","EMS","7130044","Accounting Sciences","BCom","UGRD","Bachelor","453","3","01;02;FIN","University_of_Pretoria_Curriculumn_Data.csv","2026-06-13",""
"EMS","Faculty of Economic and Management Sciences","EMS","7130092","Agribusiness Management","BCom","UGRD","Bachelor","376","3","01;02;FIN","University_of_Pretoria_Curriculumn_Data.csv","2026-06-13",""
"EMS","Faculty of Economic and Management Sciences","EMS","7139923","BCom 4-year programme","BCom","UGRD","Bachelor","452","4","01;02;03;FIN","University_of_Pretoria_Curriculumn_Data.csv","2026-06-13",""
"EMS","Faculty of Economic and Management Sciences","EMS","7130045","BCom in Accounting Sciences","BCom in Accounting Sciences","UGRD","Bachelor","453","3","01;02;FIN","University_of_Pretoria_Curriculumn_Data.csv","2026-06-13",""
"EMS","Faculty of Economic and Management Sciences","EMS","7130062","Business Management","BCom","UGRD","Bachelor","394","3","01;02;FIN","University_of_Pretoria_Curriculumn_Data.csv","2026-06-13",""
"EMS","Faculty of Economic and Management Sciences","EMS","7130065","Business Management","BCom","UGRD","Bachelor","383","3","01;02;FIN","University_of_Pretoria_Curriculumn_Data.csv","2026-06-13",""
"EMS","Faculty of Economic and Management Sciences","EMS","7130068","Business Management","BCom","UGRD","Bachelor","393","3","01;02;FIN","University_of_Pretoria_Curriculumn_Data.csv","2026-06-13",""
"EMS","Faculty of Economic and Management Sciences","EMS","7130281","Communication Management","BCom","UGRD","Bachelor","398","3","01;02;FIN","University_of_Pretoria_Curriculumn_Data.csv","2026-06-13",""
"EMS","Faculty of Economic and Management Sciences","EMS","7130011","Econometrics","BCom","UGRD","Bachelor","419","3","01;02;FIN","University_of_Pretoria_Curriculumn_Data.csv","2026-06-13",""
"EMS","Faculty of Economic and Management Sciences","EMS","7130012","Econometrics","BCom","UGRD","Bachelor","416","3","01;02;FIN","University_of_Pretoria_Curriculumn_Data.csv","2026-06-13",""
"EMS","Faculty of Economic and Management Sciences","EMS","7130221","Economic and Management Sc","BCom","UGRD","Bachelor","409","3","01;02;FIN","University_of_Pretoria_Curriculumn_Data.csv","2026-06-13",""
"EMS","Faculty of Economic and Management Sciences","EMS","7130222","Economic and Management Sc","BCom","UGRD","Bachelor","378","3","01;02;FIN","University_of_Pretoria_Curriculumn_Data.csv","2026-06-13",""
"EMS","Faculty of Economic and Management Sciences","EMS","7130051","Economics","BCom","UGRD","Bachelor","419","3","01;02;FIN","University_of_Pretoria_Curriculumn_Data.csv","2026-06-13",""
"EMS","Faculty of Economic and Management Sciences","EMS","7130052","Economics","BCom","UGRD","Bachelor","418","3","01;02;FIN","University_of_Pretoria_Curriculumn_Data.csv","2026-06-13",""
"EMS","Faculty of Economic and Management Sciences","EMS","7130063","Entrepreneurship","BCom","UGRD","Bachelor","416","3","01;02;FIN","University_of_Pretoria_Curriculumn_Data.csv","2026-06-13",""
"EMS","Faculty of Economic and Management Sciences","EMS","7130206","Financial Management Sciences","BCom","UGRD","Bachelor","418","3","01;02;FIN","University_of_Pretoria_Curriculumn_Data.csv","2026-06-13",""
"EMS","Faculty of Economic and Management Sciences","EMS","7130204","Financial Sciences","BCom","UGRD","Bachelor","421","3","01;02;FIN","University_of_Pretoria_Curriculumn_Data.csv","2026-06-13",""
"EMS","Faculty of Economic and Management Sciences","EMS","7130144","Human Resource Management","BCom","UGRD","Bachelor","388","3","01;02;FIN","University_of_Pretoria_Curriculumn_Data.csv","2026-06-13",""
"EMS","Faculty of Economic and Management Sciences","EMS","7130172","Informatics","BCom","UGRD","Bachelor","422","3","01;02;FIN","University_of_Pretoria_Curriculumn_Data.csv","2026-06-13",""
"EMS","Faculty of Economic and Management Sciences","EMS","7130173","Informatics","BCom","UGRD","Bachelor","435","3","01;02;FIN","University_of_Pretoria_Curriculumn_Data.csv","2026-06-13",""
"EMS","Faculty of Economic and Management Sciences","EMS","7130202","Investment Management","BCom","UGRD","Bachelor","485","3","01;02;FIN","University_of_Pretoria_Curriculumn_Data.csv","2026-06-13",""
"EMS","Faculty of Economic and Management Sciences","EMS","7130205","Investment Management","BCom","UGRD","Bachelor","418","3","01;02;FIN","University_of_Pretoria_Curriculumn_Data.csv","2026-06-13",""
"EMS","Faculty of Economic and Management Sciences","EMS","7130151","Law","BCom","UGRD","Bachelor","429","3","01;02;FIN","University_of_Pretoria_Curriculumn_Data.csv","2026-06-13",""
"EMS","Faculty of Economic and Management Sciences","EMS","7130152","Law","BCom","UGRD","Bachelor","417","3","01;02;FIN","University_of_Pretoria_Curriculumn_Data.csv","2026-06-13",""
"EMS","Faculty of Economic and Management Sciences","EMS","7130161","Marketing Management","BCom","UGRD","Bachelor","389","3","01;02;FIN","University_of_Pretoria_Curriculumn_Data.csv","2026-06-13",""
"EMS","Faculty of Economic and Management Sciences","EMS","7130162","Marketing Management","BCom","UGRD","Bachelor","378","3","01;02;FIN","University_of_Pretoria_Curriculumn_Data.csv","2026-06-13",""
"EMS","Faculty of Economic and Management Sciences","EMS","7131175","Public Management and Internat","BAdmin","UGRD","Bachelor","401","3","01;02;FIN","University_of_Pretoria_Curriculumn_Data.csv","2026-06-13",""
"EMS","Faculty of Economic and Management Sciences","EMS","7130261","Statistics","BCom","UGRD","Bachelor","402","3","01;02;FIN","University_of_Pretoria_Curriculumn_Data.csv","2026-06-13",""
"EMS","Faculty of Economic and Management Sciences","EMS","7130262","Statistics","BCom","UGRD","Bachelor","398","3","01;02;FIN","University_of_Pretoria_Curriculumn_Data.csv","2026-06-13",""
"EMS","Faculty of Economic and Management Sciences","EMS","7130264","Statistics","BCom","UGRD","Bachelor","393","3","01;02;FIN","University_of_Pretoria_Curriculumn_Data.csv","2026-06-13",""
"EMS","Faculty of Economic and Management Sciences","EMS","7130064","Supply Chain Management","BCom","UGRD","Bachelor","394","3","01;02;FIN","University_of_Pretoria_Curriculumn_Data.csv","2026-06-13",""
"EMS","Faculty of Economic and Management Sciences","EMS","7130067","Supply Chain Management","BCom","UGRD","Bachelor","424","3","01;02;FIN","University_of_Pretoria_Curriculumn_Data.csv","2026-06-13",""
"EMS","Faculty of Economic and Management Sciences","EMS","7130242","Tourism Management","BCom","UGRD","Bachelor","417","3","01;02;FIN","University_of_Pretoria_Curriculumn_Data.csv","2026-06-13",""
"FHS","Faculty of Health Sciences","MED","10137100","BRad in Diagnostics","BRad in Diagnostics","UGRD","Bachelor","500","4","01;02;03;FIN","University_of_Pretoria_Curriculumn_Data.csv","2026-06-13",""
"FHS","Faculty of Health Sciences","MED","10135010","BSportSci","BSportSci","UGRD","Bachelor","407","3","01;02;FIN","University_of_Pretoria_Curriculumn_Data.csv","2026-06-13",""
"FHS","Faculty of Health Sciences","MED","10130011","Clinical Medical Practice","BCMP","UGRD","Bachelor","408","3","01;02;FIN","University_of_Pretoria_Curriculumn_Data.csv","2026-06-13",""
"FHS","Faculty of Health Sciences","MED","10130012","Clinical Medical Practice","BCMP","UGRD","Bachelor","428","3","01;02;FIN","University_of_Pretoria_Curriculumn_Data.csv","2026-06-13",""
"FHS","Faculty of Health Sciences","MED","10136001","Dentistry","BChD","UGRD","Bachelor","1052","5","01;02;03;04;FIN","University_of_Pretoria_Curriculumn_Data.csv","2026-06-13",""
"FHS","Faculty of Health Sciences","MED","11130001","Dentistry","BChD","UGRD","Bachelor","937","5","01;02;03;04;FIN","University_of_Pretoria_Curriculumn_Data.csv","2026-06-13",""
"FHS","Faculty of Health Sciences","MED","10139001","Dietetics","BDietetics","UGRD","Bachelor","840","4","01;02;03;FIN","University_of_Pretoria_Curriculumn_Data.csv","2026-06-13",""
"FHS","Faculty of Health Sciences","MED","10139003","Dietetics","BDietetics","UGRD","Bachelor","548","4","01;02;03;FIN","University_of_Pretoria_Curriculumn_Data.csv","2026-06-13",""
"FHS","Faculty of Health Sciences","MED","10130001","Medicine","MBChB","UGRD","Undergraduate","1216","6","01;02;03;04;05;FIN","University_of_Pretoria_Curriculumn_Data.csv","2026-06-13",""
"FHS","Faculty of Health Sciences","MED","10130003","Medicine","MBChB","UGRD","Undergraduate","1236","6","01;02;03;04;05;FIN","University_of_Pretoria_Curriculumn_Data.csv","2026-06-13",""
"FHS","Faculty of Health Sciences","MED","10131081","Nursing (Education and Admin)","BCur","UGRD","Bachelor","636","3","01;02;FIN","University_of_Pretoria_Curriculumn_Data.csv","2026-06-13",""
"FHS","Faculty of Health Sciences","MED","10131083","Nursing Management","BCur","UGRD","Bachelor","360","3","01;02;FIN","University_of_Pretoria_Curriculumn_Data.csv","2026-06-13",""
"FHS","Faculty of Health Sciences","MED","10131002","Nursing Science","BNurs","UGRD","Bachelor","538","4","01;02;03;FIN","University_of_Pretoria_Curriculumn_Data.csv","2026-06-13",""
"FHS","Faculty of Health Sciences","MED","10131011","Nursing Science","BCur","UGRD","Bachelor","548","4","01;02;03;FIN","University_of_Pretoria_Curriculumn_Data.csv","2026-06-13",""
"FHS","Faculty of Health Sciences","MED","10138001","Occupational Therapy","BOccTher","UGRD","Bachelor","608","4","01;02;03;FIN","University_of_Pretoria_Curriculumn_Data.csv","2026-06-13",""
"FHS","Faculty of Health Sciences","MED","10138003","Occupational Therapy","BOccTher","UGRD","Bachelor","506","4","01;02;03;FIN","University_of_Pretoria_Curriculumn_Data.csv","2026-06-13",""
"FHS","Faculty of Health Sciences","MED","10132001","Oral Hygiene","BOH","UGRD","Bachelor","397","3","01;02;FIN","University_of_Pretoria_Curriculumn_Data.csv","2026-06-13",""
"FHS","Faculty of Health Sciences","MED","10138101","Physiotherapy","BPhysT","UGRD","Bachelor","579","4","01;02;03;FIN","University_of_Pretoria_Curriculumn_Data.csv","2026-06-13",""
"FHS","Faculty of Health Sciences","MED","10138103","Physiotherapy","BPhysio","UGRD","Bachelor","526","4","01;02;03;FIN","University_of_Pretoria_Curriculumn_Data.csv","2026-06-13",""
"GIBS","Gordon Institute of Business Science","GIBS","7121020","General Management","Adv Dip in General Management","UGRD","Advanced Diploma","120","1","FIN","University_of_Pretoria_Curriculumn_Data.csv","2026-06-13","Curriculum exists in source CSV, but ASC/public support pages were not added to the MVP knowledge set."
"GIBS","Gordon Institute of Business Science","GIBS","7121021","General Management","Adv Dip in General Management","UGRD","Advanced Diploma","120","1","FIN","University_of_Pretoria_Curriculumn_Data.csv","2026-06-13","Curriculum exists in source CSV, but ASC/public support pages were not added to the MVP knowledge set."
"GIBS","Gordon Institute of Business Science","GIBS","7121022","General Management","Adv Dip in General Management","UGRD","Advanced Diploma","120","1","FIN","University_of_Pretoria_Curriculumn_Data.csv","2026-06-13","Curriculum exists in source CSV, but ASC/public support pages were not added to the MVP knowledge set."
"GIBS","Gordon Institute of Business Science","GIBS","7121023","General Management","Adv Dip in General Management","UGRD","Advanced Diploma","120","1","FIN","University_of_Pretoria_Curriculumn_Data.csv","2026-06-13","Curriculum exists in source CSV, but ASC/public support pages were not added to the MVP knowledge set."
"GIBS","Gordon Institute of Business Science","GIBS","7121024","General Management","Adv Dip in General Management","UGRD","Advanced Diploma","120","1","FIN","University_of_Pretoria_Curriculumn_Data.csv","2026-06-13","Curriculum exists in source CSV, but ASC/public support pages were not added to the MVP knowledge set."
"GIBS","Gordon Institute of Business Science","GIBS","7121025","General Management","Adv Dip in General Management","UGRD","Advanced Diploma","120","1","FIN","University_of_Pretoria_Curriculumn_Data.csv","2026-06-13","Curriculum exists in source CSV, but ASC/public support pages were not added to the MVP knowledge set."
"GIBS","Gordon Institute of Business Science","GIBS","7121026","General Management","Adv Dip in General Management","UGRD","Advanced Diploma","120","1","FIN","University_of_Pretoria_Curriculumn_Data.csv","2026-06-13","Curriculum exists in source CSV, but ASC/public support pages were not added to the MVP knowledge set."
"GIBS","Gordon Institute of Business Science","GIBS","7121027","General Management","Adv Dip in General Management","UGRD","Advanced Diploma","120","1","FIN","University_of_Pretoria_Curriculumn_Data.csv","2026-06-13","Curriculum exists in source CSV, but ASC/public support pages were not added to the MVP knowledge set."
"GIBS","Gordon Institute of Business Science","GIBS","7121028","General Management","Adv Dip in General Management","UGRD","Advanced Diploma","120","1","FIN","University_of_Pretoria_Curriculumn_Data.csv","2026-06-13","Curriculum exists in source CSV, but ASC/public support pages were not added to the MVP knowledge set."
"GIBS","Gordon Institute of Business Science","GIBS","7121029","General Management","Adv Dip in General Management","UGRD","Advanced Diploma","120","1","FIN","University_of_Pretoria_Curriculumn_Data.csv","2026-06-13","Curriculum exists in source CSV, but ASC/public support pages were not added to the MVP knowledge set."
"GIBS","Gordon Institute of Business Science","GIBS","7121030","General Management","Adv Dip in General Management","UGRD","Advanced Diploma","120","1","FIN","University_of_Pretoria_Curriculumn_Data.csv","2026-06-13","Curriculum exists in source CSV, but ASC/public support pages were not added to the MVP knowledge set."
"GIBS","Gordon Institute of Business Science","GIBS","7121031","General Management","Adv Dip in General Management","UGRD","Advanced Diploma","120","1","FIN","University_of_Pretoria_Curriculumn_Data.csv","2026-06-13","Curriculum exists in source CSV, but ASC/public support pages were not added to the MVP knowledge set."
"GIBS","Gordon Institute of Business Science","GIBS","7121032","General Management","Adv Dip in General Management","UGRD","Advanced Diploma","120","1","FIN","University_of_Pretoria_Curriculumn_Data.csv","2026-06-13","Curriculum exists in source CSV, but ASC/public support pages were not added to the MVP knowledge set."
"GIBS","Gordon Institute of Business Science","GIBS","7121033","General Management","Adv Dip in General Management","UGRD","Advanced Diploma","120","1","FIN","University_of_Pretoria_Curriculumn_Data.csv","2026-06-13","Curriculum exists in source CSV, but ASC/public support pages were not added to the MVP knowledge set."
"GIBS","Gordon Institute of Business Science","GIBS","7121034","General Management","Adv Dip in General Management","UGRD","Advanced Diploma","120","1","FIN","University_of_Pretoria_Curriculumn_Data.csv","2026-06-13","Curriculum exists in source CSV, but ASC/public support pages were not added to the MVP knowledge set."
"GIBS","Gordon Institute of Business Science","GIBS","7121035","General Management","Adv Dip in General Management","UGRD","Advanced Diploma","120","1","FIN","University_of_Pretoria_Curriculumn_Data.csv","2026-06-13","Curriculum exists in source CSV, but ASC/public support pages were not added to the MVP knowledge set."
"GIBS","Gordon Institute of Business Science","GIBS","7121036","General Management","Adv Dip in General Management","UGRD","Advanced Diploma","120","1","FIN","University_of_Pretoria_Curriculumn_Data.csv","2026-06-13","Curriculum exists in source CSV, but ASC/public support pages were not added to the MVP knowledge set."
"GIBS","Gordon Institute of Business Science","GIBS","7121037","General Management","Adv Dip in General Management","UGRD","Advanced Diploma","120","1","FIN","University_of_Pretoria_Curriculumn_Data.csv","2026-06-13","Curriculum exists in source CSV, but ASC/public support pages were not added to the MVP knowledge set."
"HUM","Faculty of Humanities","HUM","1130014","4-year programme","BA","UGRD","Bachelor","360","4","01;02;03;FIN","University_of_Pretoria_Curriculumn_Data.csv","2026-06-13",""
"HUM","Faculty of Humanities","HUM","1130105","Audiology","BA","UGRD","Bachelor","488","4","01;02;03;FIN","University_of_Pretoria_Curriculumn_Data.csv","2026-06-13",""
"HUM","Faculty of Humanities","HUM","1130108","BA in Audiology","BA in Audiology","UGRD","Bachelor","488","4","01;02;03;FIN","University_of_Pretoria_Curriculumn_Data.csv","2026-06-13",""
"HUM","Faculty of Humanities","HUM","1130119","BA in Fine Arts (4-year)","BA in Fine Arts","UGRD","Bachelor","494","4","01;02;03;FIN","University_of_Pretoria_Curriculumn_Data.csv","2026-06-13",""
"HUM","Faculty of Humanities","HUM","1130120","BA in Fine Arts (5-Year)","BA in Fine Arts","UGRD","Bachelor","546","5","01;02;03;04;FIN","University_of_Pretoria_Curriculumn_Data.csv","2026-06-13",""
"HUM","Faculty of Humanities","HUM","1130106","BA in Information Design","BA in Information Design","UGRD","Bachelor","530","4","01;02;03;FIN","University_of_Pretoria_Curriculumn_Data.csv","2026-06-13",""
"HUM","Faculty of Humanities","HUM","1130109","BA in Speech-Language Patholog","BA in Speech-Language Patholog","UGRD","Bachelor","488","4","01;02;03;FIN","University_of_Pretoria_Curriculumn_Data.csv","2026-06-13",""
"HUM","Faculty of Humanities","HUM","1130117","BDram (3 year)","BDram","UGRD","Bachelor","386","3","01;02;FIN","University_of_Pretoria_Curriculumn_Data.csv","2026-06-13",""
"HUM","Faculty of Humanities","HUM","1130118","BDram (4-year)","BDram","UGRD","Bachelor","420","4","01;02;03;FIN","University_of_Pretoria_Curriculumn_Data.csv","2026-06-13",""
"HUM","Faculty of Humanities","HUM","1132003","BMus (4-year)","BMus","UGRD","Bachelor","500","4","01;02;03;FIN","University_of_Pretoria_Curriculumn_Data.csv","2026-06-13",""
"HUM","Faculty of Humanities","HUM","1132004","BMus (5-year)","BMus","UGRD","Bachelor","566","5","01;02;03;04;FIN","University_of_Pretoria_Curriculumn_Data.csv","2026-06-13",""
"HUM","Faculty of Humanities","HUM","1130107","FA extended programme","BA","UGRD","Bachelor","546","5","01;02;03;04;FIN","University_of_Pretoria_Curriculumn_Data.csv","2026-06-13",""
"HUM","Faculty of Humanities","HUM","1130103","Fine Arts","BA","UGRD","Bachelor","494","4","01;02;03;FIN","University_of_Pretoria_Curriculumn_Data.csv","2026-06-13",""
"HUM","Faculty of Humanities","HUM","1130191","Fine Arts","BA (Fine Arts)","UGRD","Bachelor","554","4","01;02;03;FIN","University_of_Pretoria_Curriculumn_Data.csv","2026-06-13",""
"HUM","Faculty of Humanities","HUM","1130069","Heritage and Cultural Tourism","BSocSci","UGRD","Bachelor","360","3","01;02;FIN","University_of_Pretoria_Curriculumn_Data.csv","2026-06-13",""
"HUM","Faculty of Humanities","HUM","1130015","Humanities","BA","UGRD","Bachelor","360","3","01;02;FIN","University_of_Pretoria_Curriculumn_Data.csv","2026-06-13",""
"HUM","Faculty of Humanities","HUM","1130064","Indus Soc and Labour Studies","BSocSci","UGRD","Bachelor","374","3","01;02;FIN","University_of_Pretoria_Curriculumn_Data.csv","2026-06-13",""
"HUM","Faculty of Humanities","HUM","1130102","Information Design","BA","UGRD","Bachelor","530","4","01;02;03;FIN","University_of_Pretoria_Curriculumn_Data.csv","2026-06-13",""
"HUM","Faculty of Humanities","HUM","1130152","Information Design","BA Information Design","UGRD","Bachelor","552","4","01;02;03;FIN","University_of_Pretoria_Curriculumn_Data.csv","2026-06-13",""
"HUM","Faculty of Humanities","HUM","1130038","International Studies","BPolSci","UGRD","Bachelor","372","3","01;02;FIN","University_of_Pretoria_Curriculumn_Data.csv","2026-06-13",""
"HUM","Faculty of Humanities","HUM","1130013","Languages","BA Languages","UGRD","Bachelor","368","3","01;02;FIN","University_of_Pretoria_Curriculumn_Data.csv","2026-06-13",""
"HUM","Faculty of Humanities","HUM","1130016","Languages","BA","UGRD","Bachelor","368","3","01;02;FIN","University_of_Pretoria_Curriculumn_Data.csv","2026-06-13",""
"HUM","Faculty of Humanities","HUM","1130086","Law","BA","UGRD","Bachelor","395","3","01;02;FIN","University_of_Pretoria_Curriculumn_Data.csv","2026-06-13",""
"HUM","Faculty of Humanities","HUM","1132001","Music","BMus","UGRD","Bachelor","572","4","01;02;03;FIN","University_of_Pretoria_Curriculumn_Data.csv","2026-06-13",""
"HUM","Faculty of Humanities","HUM","1130017","Philosophy Politics and Econo","BA","UGRD","Bachelor","434","3","01;02;FIN","University_of_Pretoria_Curriculumn_Data.csv","2026-06-13",""
"HUM","Faculty of Humanities","HUM","1130039","Political Studies","BPolSci","UGRD","Bachelor","372","3","01;02;FIN","University_of_Pretoria_Curriculumn_Data.csv","2026-06-13",""
"HUM","Faculty of Humanities","HUM","1130143","Social Work","BSocial Work","UGRD","Bachelor","675","4","01;02;03;FIN","University_of_Pretoria_Curriculumn_Data.csv","2026-06-13",""
"HUM","Faculty of Humanities","HUM","1130144","Social Work","BSW","UGRD","Bachelor","523","4","01;02;03;FIN","University_of_Pretoria_Curriculumn_Data.csv","2026-06-13",""
"HUM","Faculty of Humanities","HUM","1130104","Speech-Language Pathology","BA","UGRD","Bachelor","488","4","01;02;03;FIN","University_of_Pretoria_Curriculumn_Data.csv","2026-06-13",""
"HUM","Faculty of Humanities","HUM","1130133","Visual Studies","BA","UGRD","Bachelor","368","3","01;02;FIN","University_of_Pretoria_Curriculumn_Data.csv","2026-06-13",""
"LAW","Faculty of Law","LAW","4130010","Law","LLB","UGRD","Undergraduate","270","2","01;FIN","University_of_Pretoria_Curriculumn_Data.csv","2026-06-13",""
"LAW","Faculty of Law","LAW","4130011","Law","LLB","UGRD","Undergraduate","267","2","01;FIN","University_of_Pretoria_Curriculumn_Data.csv","2026-06-13",""
"LAW","Faculty of Law","LAW","4130012","Law","LLB","UGRD","Undergraduate","501","4","01;02;03;FIN","University_of_Pretoria_Curriculumn_Data.csv","2026-06-13",""
"NAS","Faculty of Natural and Agricultural Sciences","SCI","2133395","Actuarial and Financial Maths","BSc","UGRD","Bachelor","434","3","01;02;FIN","University_of_Pretoria_Curriculumn_Data.csv","2026-06-13",""
"NAS","Faculty of Natural and Agricultural Sciences","SCI","2133420","Agribusiness Management","BScAgric","UGRD","Bachelor","518","4","01;02;03;FIN","University_of_Pretoria_Curriculumn_Data.csv","2026-06-13",""
"NAS","Faculty of Natural and Agricultural Sciences","SCI","2133421","Animal Science","BScAgric","UGRD","Bachelor","562","4","01;02;03;FIN","University_of_Pretoria_Curriculumn_Data.csv","2026-06-13",""
"NAS","Faculty of Natural and Agricultural Sciences","SCI","2133423","App Plant and Soil Sciences","BScAgric","UGRD","Bachelor","575","4","01;02;03;FIN","University_of_Pretoria_Curriculumn_Data.csv","2026-06-13",""
"NAS","Faculty of Natural and Agricultural Sciences","SCI","2133253","Applied Mathematics","BSc","UGRD","Bachelor","416","3","01;02;FIN","University_of_Pretoria_Curriculumn_Data.csv","2026-06-13",""
"NAS","Faculty of Natural and Agricultural Sciences","SCI","2131011","Applied Plant and Soil Sci 5-y","BScAgric (5-year)","UGRD","Bachelor","663","5","01;02;03;04;FIN","University_of_Pretoria_Curriculumn_Data.csv","2026-06-13",""
"NAS","Faculty of Natural and Agricultural Sciences","SCI","2130107","BConSci Food Management","BConSci","UGRD","Bachelor","546","4","01;02;03;FIN","University_of_Pretoria_Curriculumn_Data.csv","2026-06-13",""
"NAS","Faculty of Natural and Agricultural Sciences","SCI","2133398","Biochemistry","BSc","UGRD","Bachelor","430","3","01;02;FIN","University_of_Pretoria_Curriculumn_Data.csv","2026-06-13",""
"NAS","Faculty of Natural and Agricultural Sciences","SCI","3133001","Biochemistry","BSc","UGRD","Bachelor","428","3","01;02;FIN","University_of_Pretoria_Curriculumn_Data.csv","2026-06-13",""
"NAS","Faculty of Natural and Agricultural Sciences","SCI","3130001","Biological Sciences","BSc","UGRD","Bachelor","140","2","01;02","University_of_Pretoria_Curriculumn_Data.csv","2026-06-13",""
"NAS","Faculty of Natural and Agricultural Sciences","SCI","2133403","Biotechnology","BSc","UGRD","Bachelor","430","3","01;02;FIN","University_of_Pretoria_Curriculumn_Data.csv","2026-06-13",""
"NAS","Faculty of Natural and Agricultural Sciences","SCI","3133052","Biotechnology","BSc","UGRD","Bachelor","428","3","01;02;FIN","University_of_Pretoria_Curriculumn_Data.csv","2026-06-13",""
"NAS","Faculty of Natural and Agricultural Sciences","SCI","2133413","BSc in Actuarial and Financial","BSc in Actuarial and Financial","UGRD","Bachelor","434","3","01;02;FIN","University_of_Pretoria_Curriculumn_Data.csv","2026-06-13",""
"NAS","Faculty of Natural and Agricultural Sciences","SCI","2133414","BSc in Food Science","BSc in Food Science","UGRD","Bachelor","435","3","01;02;FIN","University_of_Pretoria_Curriculumn_Data.csv","2026-06-13",""
"NAS","Faculty of Natural and Agricultural Sciences","SCI","2133412","BSc in Geoinformatics","BSc in Geoinformatics","UGRD","Bachelor","425","3","01;02;FIN","University_of_Pretoria_Curriculumn_Data.csv","2026-06-13",""
"NAS","Faculty of Natural and Agricultural Sciences","SCI","2133425","BScAgric in Animal Science","BScAgric in Animal Science","UGRD","Bachelor","559","4","01;02;03;FIN","University_of_Pretoria_Curriculumn_Data.csv","2026-06-13",""
"NAS","Faculty of Natural and Agricultural Sciences","SCI","2133426","BScAgric in App Plant and Soil","BScAgric in Applied Plant and","UGRD","Bachelor","575","4","01;02;03;FIN","University_of_Pretoria_Curriculumn_Data.csv","2026-06-13",""
"NAS","Faculty of Natural and Agricultural Sciences","SCI","2133427","BScAgric in Plant Pathology","BScAgric in Plant Pathology","UGRD","Bachelor","561","4","01;02;03;FIN","University_of_Pretoria_Curriculumn_Data.csv","2026-06-13",""
"NAS","Faculty of Natural and Agricultural Sciences","SCI","2133172","Chemistry","BSc","UGRD","Bachelor","428","3","01;02;FIN","University_of_Pretoria_Curriculumn_Data.csv","2026-06-13",""
"NAS","Faculty of Natural and Agricultural Sciences","SCI","2133173","Chemistry","BSc","UGRD","Bachelor","430","3","01;02;FIN","University_of_Pretoria_Curriculumn_Data.csv","2026-06-13",""
"NAS","Faculty of Natural and Agricultural Sciences","SCI","2131004","Chemistry 4-year programme","BSc (4-year)","UGRD","Bachelor","510","4","01;02;03;FIN","University_of_Pretoria_Curriculumn_Data.csv","2026-06-13",""
"NAS","Faculty of Natural and Agricultural Sciences","SCI","2130110","Clothing Retail Management","BConSci","UGRD","Bachelor","510","4","01;02;03;FIN","University_of_Pretoria_Curriculumn_Data.csv","2026-06-13",""
"NAS","Faculty of Natural and Agricultural Sciences","SCI","2130124","Clothing: Retail Management","BConsumer Science","UGRD","Bachelor","509","4","01;02;03;FIN","University_of_Pretoria_Curriculumn_Data.csv","2026-06-13",""
"NAS","Faculty of Natural and Agricultural Sciences","SCI","2133400","Ecology","BSc","UGRD","Bachelor","430","3","01;02;FIN","University_of_Pretoria_Curriculumn_Data.csv","2026-06-13",""
"NAS","Faculty of Natural and Agricultural Sciences","SCI","2131009","Ecology 4-year programme","BSc (4-year)","UGRD","Bachelor","516","4","01;02;03;FIN","University_of_Pretoria_Curriculumn_Data.csv","2026-06-13",""
"NAS","Faculty of Natural and Agricultural Sciences","SCI","2133401","Entomology","BSc","UGRD","Bachelor","430","3","01;02;FIN","University_of_Pretoria_Curriculumn_Data.csv","2026-06-13",""
"NAS","Faculty of Natural and Agricultural Sciences","SCI","2133043","Env and Eng Geology","BSc","UGRD","Bachelor","420","3","01;02;FIN","University_of_Pretoria_Curriculumn_Data.csv","2026-06-13",""
"NAS","Faculty of Natural and Agricultural Sciences","SCI","2133042","Env and Engineering Geology","BSc","UGRD","Bachelor","432","3","01;02;FIN","University_of_Pretoria_Curriculumn_Data.csv","2026-06-13",""
"NAS","Faculty of Natural and Agricultural Sciences","SCI","2130014","Ext Biological and Agric Sci","BSc","UGRD","Bachelor","148","2","01;02","University_of_Pretoria_Curriculumn_Data.csv","2026-06-13",""
"NAS","Faculty of Natural and Agricultural Sciences","SCI","2130016","Ext Mathematical Sciences","BSc","UGRD","Bachelor","140","2","01;02","University_of_Pretoria_Curriculumn_Data.csv","2026-06-13",""
"NAS","Faculty of Natural and Agricultural Sciences","SCI","2130015","Ext Physical Sciences","BSc","UGRD","Bachelor","140","2","01;02","University_of_Pretoria_Curriculumn_Data.csv","2026-06-13",""
"NAS","Faculty of Natural and Agricultural Sciences","SCI","2133321","Food Man Culinary Sciences","BSc","UGRD","Bachelor","543","4","01;02;03;FIN","University_of_Pretoria_Curriculumn_Data.csv","2026-06-13",""
"NAS","Faculty of Natural and Agricultural Sciences","SCI","2133323","Food Man Nutrition","BSc","UGRD","Bachelor","543","4","01;02;03;FIN","University_of_Pretoria_Curriculumn_Data.csv","2026-06-13",""
"NAS","Faculty of Natural and Agricultural Sciences","SCI","2133406","Food Science","BSc","UGRD","Bachelor","435","3","01;02;FIN","University_of_Pretoria_Curriculumn_Data.csv","2026-06-13",""
"NAS","Faculty of Natural and Agricultural Sciences","SCI","2133402","Genetics","BSc","UGRD","Bachelor","430","3","01;02;FIN","University_of_Pretoria_Curriculumn_Data.csv","2026-06-13",""
"NAS","Faculty of Natural and Agricultural Sciences","SCI","3133051","Genetics","BSc","UGRD","Bachelor","428","3","01;02;FIN","University_of_Pretoria_Curriculumn_Data.csv","2026-06-13",""
"NAS","Faculty of Natural and Agricultural Sciences","SCI","2133364","Geography and Environmental Sc","BSc","UGRD","Bachelor","405","3","01;02;FIN","University_of_Pretoria_Curriculumn_Data.csv","2026-06-13",""
"NAS","Faculty of Natural and Agricultural Sciences","SCI","2133393","Geoinformatics","BSc","UGRD","Bachelor","425","3","01;02;FIN","University_of_Pretoria_Curriculumn_Data.csv","2026-06-13",""
"NAS","Faculty of Natural and Agricultural Sciences","SCI","2131005","Geoinformatics 4-year programm","BSc (4-year)","UGRD","Bachelor","511","4","01;02;03;FIN","University_of_Pretoria_Curriculumn_Data.csv","2026-06-13",""
"NAS","Faculty of Natural and Agricultural Sciences","SCI","2133022","Geology","BSc","UGRD","Bachelor","428","3","01;02;FIN","University_of_Pretoria_Curriculumn_Data.csv","2026-06-13",""
"NAS","Faculty of Natural and Agricultural Sciences","SCI","2133023","Geology","BSc","UGRD","Bachelor","428","3","01;02;FIN","University_of_Pretoria_Curriculumn_Data.csv","2026-06-13",""
"NAS","Faculty of Natural and Agricultural Sciences","SCI","2131006","Geology 4-year programme","BSc (4-year)","UGRD","Bachelor","508","4","01;02;03;FIN","University_of_Pretoria_Curriculumn_Data.csv","2026-06-13",""
"NAS","Faculty of Natural and Agricultural Sciences","SCI","2130109","Hospitality Management","BConSci","UGRD","Bachelor","534","4","01;02;03;FIN","University_of_Pretoria_Curriculumn_Data.csv","2026-06-13",""
"NAS","Faculty of Natural and Agricultural Sciences","SCI","2133409","Human Genetics","BSc","UGRD","Bachelor","430","3","01;02;FIN","University_of_Pretoria_Curriculumn_Data.csv","2026-06-13",""
"NAS","Faculty of Natural and Agricultural Sciences","SCI","3134031","Human Genetics","BSc","UGRD","Bachelor","428","3","01;02;FIN","University_of_Pretoria_Curriculumn_Data.csv","2026-06-13",""
"NAS","Faculty of Natural and Agricultural Sciences","SCI","2133392","Human Phys Genetics and Psych","BSc","UGRD","Bachelor","468","3","01;02;FIN","University_of_Pretoria_Curriculumn_Data.csv","2026-06-13",""
"NAS","Faculty of Natural and Agricultural Sciences","SCI","2133396","Human Physiology","BSc","UGRD","Bachelor","428","3","01;02;FIN","University_of_Pretoria_Curriculumn_Data.csv","2026-06-13",""
"NAS","Faculty of Natural and Agricultural Sciences","SCI","2133408","Human Physiology","BSc","UGRD","Bachelor","430","3","01;02;FIN","University_of_Pretoria_Curriculumn_Data.csv","2026-06-13",""
"NAS","Faculty of Natural and Agricultural Sciences","SCI","3134021","Human Physiology","BSc","UGRD","Bachelor","428","3","01;02;FIN","University_of_Pretoria_Curriculumn_Data.csv","2026-06-13",""
"NAS","Faculty of Natural and Agricultural Sciences","SCI","2131010","Human Physiology 4-year progra","BSc (4-year)","UGRD","Bachelor","516","4","01;02;03;FIN","University_of_Pretoria_Curriculumn_Data.csv","2026-06-13",""
"NAS","Faculty of Natural and Agricultural Sciences","SCI","2133273","Mathematical Statistics","BSc","UGRD","Bachelor","428","3","01;02;FIN","University_of_Pretoria_Curriculumn_Data.csv","2026-06-13",""
"NAS","Faculty of Natural and Agricultural Sciences","SCI","2133274","Mathematical Statistics","BSc","UGRD","Bachelor","393","3","01;02;FIN","University_of_Pretoria_Curriculumn_Data.csv","2026-06-13",""
"NAS","Faculty of Natural and Agricultural Sciences","SCI","2133263","Mathematics","BSc","UGRD","Bachelor","416","3","01;02;FIN","University_of_Pretoria_Curriculumn_Data.csv","2026-06-13",""
"NAS","Faculty of Natural and Agricultural Sciences","SCI","2131003","Mathematics 4-year programme","BSc (4-year)","UGRD","Bachelor","502","4","01;02;03;FIN","University_of_Pretoria_Curriculumn_Data.csv","2026-06-13",""
"NAS","Faculty of Natural and Agricultural Sciences","SCI","2133407","Medical Sciences","BSc","UGRD","Bachelor","432","3","01;02;FIN","University_of_Pretoria_Curriculumn_Data.csv","2026-06-13",""
"NAS","Faculty of Natural and Agricultural Sciences","SCI","2133313","Meteorology","BSc","UGRD","Bachelor","404","3","01;02;FIN","University_of_Pretoria_Curriculumn_Data.csv","2026-06-13",""
"NAS","Faculty of Natural and Agricultural Sciences","SCI","2131007","Meteorology 4-year programme","BSc (4-year)","UGRD","Bachelor","494","4","01;02;03;FIN","University_of_Pretoria_Curriculumn_Data.csv","2026-06-13",""
"NAS","Faculty of Natural and Agricultural Sciences","SCI","2133404","Microbiology","BSc","UGRD","Bachelor","430","3","01;02;FIN","University_of_Pretoria_Curriculumn_Data.csv","2026-06-13",""
"NAS","Faculty of Natural and Agricultural Sciences","SCI","3133071","Microbiology","BSc","UGRD","Bachelor","428","3","01;02;FIN","University_of_Pretoria_Curriculumn_Data.csv","2026-06-13",""
"NAS","Faculty of Natural and Agricultural Sciences","SCI","2133203","Physics","BSc","UGRD","Bachelor","430","3","01;02;FIN","University_of_Pretoria_Curriculumn_Data.csv","2026-06-13",""
"NAS","Faculty of Natural and Agricultural Sciences","SCI","2131008","Physics 4-year programme","BSc (4-year)","UGRD","Bachelor","516","4","01;02;03;FIN","University_of_Pretoria_Curriculumn_Data.csv","2026-06-13",""
"NAS","Faculty of Natural and Agricultural Sciences","SCI","2133424","Plant Pathology","BScAgric","UGRD","Bachelor","561","4","01;02;03;FIN","University_of_Pretoria_Curriculumn_Data.csv","2026-06-13",""
"NAS","Faculty of Natural and Agricultural Sciences","SCI","2131012","Plant Pathology 5-year program","BScAgric (5-year)","UGRD","Bachelor","656","5","01;02;03;04;FIN","University_of_Pretoria_Curriculumn_Data.csv","2026-06-13",""
"NAS","Faculty of Natural and Agricultural Sciences","SCI","2133405","Plant Science","BSc","UGRD","Bachelor","430","3","01;02;FIN","University_of_Pretoria_Curriculumn_Data.csv","2026-06-13",""
"NAS","Faculty of Natural and Agricultural Sciences","SCI","2130108","Retail Management","BConSci","UGRD","Bachelor","512","4","01;02;03;FIN","University_of_Pretoria_Curriculumn_Data.csv","2026-06-13",""
"NAS","Faculty of Natural and Agricultural Sciences","SCI","2130114","Retail Management","BConsumer Science","UGRD","Bachelor","523","4","01;02;03;FIN","University_of_Pretoria_Curriculumn_Data.csv","2026-06-13",""
"NAS","Faculty of Natural and Agricultural Sciences","SCI","2133399","Zoology","BSc","UGRD","Bachelor","430","3","01;02;FIN","University_of_Pretoria_Curriculumn_Data.csv","2026-06-13",""
"NAS","Faculty of Natural and Agricultural Sciences","SCI","3133021","Zoology","BSc","UGRD","Bachelor","432","3","01;02;FIN","University_of_Pretoria_Curriculumn_Data.csv","2026-06-13",""
"THR","Faculty of Theology and Religion","THEO","6130010","Bachelor of Theology","BTh","UGRD","Bachelor","373","3","01;02;FIN","University_of_Pretoria_Curriculumn_Data.csv","2026-06-13",""
"THR","Faculty of Theology and Religion","THEO","6120003","Theology","Diploma in Theology","UGRD","Diploma","376","3","01;02;FIN","University_of_Pretoria_Curriculumn_Data.csv","2026-06-13",""
"THR","Faculty of Theology and Religion","THEO","6120004","Theology","Diploma in Theology","UGRD","Diploma","379","3","01;02;FIN","University_of_Pretoria_Curriculumn_Data.csv","2026-06-13",""
"THR","Faculty of Theology and Religion","THEO","6130002","Theology","BTh","UGRD","Bachelor","644","4","01;02;03;FIN","University_of_Pretoria_Curriculumn_Data.csv","2026-06-13",""
"THR","Faculty of Theology and Religion","THEO","6130005","Theology","BDiv","UGRD","Bachelor","480","4","01;02;03;FIN","University_of_Pretoria_Curriculumn_Data.csv","2026-06-13",""
"THR","Faculty of Theology and Religion","THEO","6130007","Theology","BA in Theology","UGRD","Bachelor","367","3","01;02;FIN","University_of_Pretoria_Curriculumn_Data.csv","2026-06-13",""
"THR","Faculty of Theology and Religion","THEO","6130008","Theology","BDiv","UGRD","Bachelor","559","4","01;02;03;FIN","University_of_Pretoria_Curriculumn_Data.csv","2026-06-13",""
"THR","Faculty of Theology and Religion","THEO","6130009","Theology","BA in Theology","UGRD","Bachelor","375","3","01;02;FIN","University_of_Pretoria_Curriculumn_Data.csv","2026-06-13",""
"VET","Faculty of Veterinary Science","VET","8130006","Bachelor of Veterinary Nursing","BVetNurs","UGRD","Bachelor","408","3","01;02;FIN","University_of_Pretoria_Curriculumn_Data.csv","2026-06-13",""
"VET","Faculty of Veterinary Science","VET","8120002","Veterinary Nursing","University Diploma","UGRD","Undergraduate","292","2","01;FIN","University_of_Pretoria_Curriculumn_Data.csv","2026-06-13",""
"VET","Faculty of Veterinary Science","VET","8130004","Veterinary Science","BVeterinary Science","UGRD","Bachelor","835","5","02;03;04;05;FIN","University_of_Pretoria_Curriculumn_Data.csv","2026-06-13",""
"VET","Faculty of Veterinary Science","VET","8130005","Veterinary Science","BVSc","UGRD","Bachelor","833","6","01;02;03;04;05;FIN","University_of_Pretoria_Curriculumn_Data.csv","2026-06-13",""
